{"der": 0.7251223921775818, "par": 0.6527454853057861, "em": 0.6236180663108826, "ter": 0.6180950403213501, "per": 0.6171106696128845, "alla": 0.6084876656532288, "allo": 0.5882408618927002, "ud": 0.5820075273513794, "ca": 0.5783652067184448, "miento": 0.5743249654769897, "pobreza": 0.5660219788551331, "concernir": 0.5614516735076904, "tener": 0.5585982203483582, "captar": 0.5565767288208008, "eje": 0.5529481172561646, "asistir": 0.5516490340232849, "presento": 0.5493521690368652, "vinculado": 0.5489339232444763, "ligado": 0.5480396151542664, "estir": 0.5419148802757263, "deberio": 0.5395796895027161, "ver": 0.5386985540390015, "disponer": 0.5354440808296204, "soler": 0.5344219207763672, "empujar": 0.5322110652923584, "pleno": 0.5294773578643799, "auh": 0.5279260873794556, "pobre": 0.5263733863830566, "neto": 0.526265025138855, "suponer": 0.5256826877593994, "gente": 0.5253623723983765, "escaso": 0.5245181322097778, "basar": 0.523744523525238, "dato": 0.5231759548187256, "obtener": 0.5228856205940247, "capaz": 0.5226805210113525, "dirigido": 0.5220301151275635, "ola": 0.5213733315467834, "obtencion": 0.5197740197181702, "realizar": 0.5196006298065186, "haber": 0.5187920331954956, "deberiar": 0.5177912712097168, "fundamento": 0.516842246055603, "necesidad": 0.5166465044021606, "oit": 0.5153084993362427, "unidas": 0.5148295760154724, "emergente": 0.5134920477867126, "inducir": 0.5122267603874207, "dar": 0.5112645626068115, "relativo": 0.5112035274505615}